,Lead IDs
0,1001
1,1003
2,1004
3,1005
4,1006
5,1007
6,1010
7,1011
8,1012
9,1013
10,1016
11,1018
12,1019
13,1020
14,1021
15,1024
16,1025
17,1026
18,1027
19,1029
20,1030
21,1031
22,1032
23,1034
24,1035
25,1036
26,1037
27,1038
28,1039
29,1040
30,1041
31,1042
32,1043
33,1044
34,1045
35,1046
36,1047
37,1048
38,1049
39,1050
40,1051
41,1052
42,1053
43,1054
44,1055
45,1056
46,1057
47,1058
48,1059
49,1060
50,1066
51,1067
52,1068
53,1069
54,1078
55,1079
56,1080
57,1081
58,1086
59,1087
60,1088
61,1093
62,1094
63,1095
